<?xml version="1.0" encoding="UTF-8"?>
<!-- 用于直接生成SQL语句，支持同步和异步提交 -->
<!-- title:标题 navigate:导航信息 type:方式（sql|call) interface:是否显示输入条件页面(true|false) 
	databusid:数据总线编号 transdataactionurl:数据整理URL async:异步提交标志 pagesize:页面显示记录数(缺省为10) -->
<CommQry title="交易数据补录" type="call" interface="true" navigate=""
	async="true" databusid="" transdataactionurl="/trans/TransDataAction.do"
	getterclassname="com.huateng.fayuan.getter.JrxxQueryGetter">
	<Include id="BankParam" />
	<!-- status ：F-基本信息中显示 N-不显示 D-详细信息中显示 A-基本、详细信息中都显示 -->
	<!-- primary ： true-作为表单项记录上传 false-不作为表单项上传 -->
	<Fields>
		<Field id="id" desc="记录主键" status="F" require="" edittype="text"
			datatype="string" method="None" readonly="false" primary="true" type="String"
			size="32" default="" xpath="/id" />
		
		<Field id="batchNo" desc="请求批次号" status="F" require="false" edittype="text" datatype="string" readonly="false" xpath="/batchNo" size="30" rules="xssSave"/>
		<Field id="bdhm" desc="查询请求单号" status="F" require="false" edittype="text" datatype="string" readonly="false" xpath="/bdhm" size="30" rules="xssSave"/>
		<Field id="ccxh" desc="账户序号" status="F" require="false" edittype="text" datatype="string" readonly="false" xpath="/ccxh"  rules="xssSave"/>
		<Field id="zcxh" desc="金融资产序号" status="F" require="true" edittype="text" datatype="string" readonly="false" xpath="/zcxh"  rules="xssSave"/>
		<Field id="zcmc" desc="金融资产名称" status="F" require="true" edittype="text" datatype="string" readonly="false" xpath="/zcmc" size="100" rules="xssSave"/>
		<Field id="zclx" desc="金融资产类型" status="F" require="true" edittype="text" datatype="string" readonly="false" xpath="/zclx" size="100" rules="xssSave"/>
		<Field id="zcglr" desc="资产管理人" status="F" require="false" edittype="text" datatype="string" readonly="false" xpath="/zcglr" size="50" rules="xssSave"/>
		<Field id="zckfjy" desc="资产可否通过银行交易" status="F" require="false" edittype="text" datatype="string" readonly="false" xpath="/zckfjy" size="10" rules="xssSave"/>
		<Field id="zcjyxz" desc="资产交易限制类型" status="F" require="false" edittype="text" datatype="string" readonly="false" xpath="/zcjyxz" size="50" rules="xssSave"/>
		<Field id="xzxcrq" desc="资产交易限制消除时间" status="F" require="false" edittype="text" datatype="string" readonly="false" xpath="/xzxcrq" size="100" rules="xssSave"/>
		<Field id="jldw" desc="计量单位" status="F" require="true" edittype="text" datatype="string" readonly="false" xpath="/jldw" size="20" rules="xssSave"/>
		<Field id="bz" desc="计价币种" status="F" require="true" edittype="select" translated="DATA_DIC.46" datatype="string" readonly="false" xpath="/bz" size="20" />
		<!-- <Field id="zcdwjg" desc="资产单位价格" status="F" require="false" edittype="text" datatype="string" readonly="false" xpath="/zcdwjg" size="20" rules="xssSave"/>-->
		<Field id="zcdwjg" desc="资产单位价格"  type ="SE" require="true"  readonly="false" xpath="/zcdwjg" size="16" rules="xssSave"/>
		<!-- <Field id="se" desc="资产数额" type ="ZCSE"  require="true"  readonly="false" xpath="/se" size="20" /> -->
		<Field id="se" desc="资产数额"  type ="SE" require="true"  readonly="false" xpath="/se" size="16" rules="xssSave"/>
		<!-- <Field id="kyse" desc="可用资产数额" type ="ZCSE"  require="true"  readonly="false" xpath="/kyse" size="20" /> -->
		<Field id="kyse" desc="可用资产数额"  type ="SE" require="true"  readonly="false" xpath="/kyse" size="16" rules="xssSave"/>
		<Field id="beiz" desc="备注" status="F" require="false" edittype="text" datatype="string" readonly="false" xpath="/beiz" size="1000" rules="xssSave"/>
		<Field id="recStatus" edittype="select" type="REC_STATUS" xpath="/recStatus"
			readonly="false" size="2" desc="记录状态" />
		<Field id="repStatus" edittype="select" type="REP_STATUS" xpath="/repStatus"
			readonly="false" size="2" desc="回执状态" />
		<Field id="approveStatus" edittype="select" type="APPROVE_STATUS"
			xpath="/approveStatus" readonly="false" size="2" desc="审核状态" />
		<Field id="approveResult" edittype="date" type="APPROVE_RESULT"
			xpath="/approveResult" readonly="false" size="256" desc="审核说明" />
		<Field id="crtTm" edittype="date" type="CRT_TM" xpath="/crtTm"
			readonly="false" desc="创建时间" />
		<Field id="lstUpdTm" edittype="date" type="LST_UPD_TM" xpath="/lstUpdTm"
			readonly="false" desc="最后更新时间" />
		<Field id="lstUpdTlr" edittype="string" type="LST_UPD_TLR"
			xpath="/lstUpdTlr" readonly="false" size="20" desc="最后更新人" />
		<Field id="recordUpdTlr" edittype="string" type="RECORD_UPD_TLR"
			xpath="/recordUpdTlr" readonly="false" size="20" desc="补录人" />
		<Field id="recordUpdTm" edittype="date" type="RECORD_UPD_TM"
			xpath="/recordUpdTm" readonly="false" desc="补录时间" />
		<Field id="opr" desc="操作" status="N" method="None" xpath=""
			primary="true" type="" size="20" default="" tip="操作" require="false" />
		<Field id="incenter" edittype="select" type="INCENTER" xpath="/incenter"
			readonly="true" status="F" desc="" />
		<Field id="approveStatusChoose" desc="审核状态选择" require="false"
			edittype="select" datatype="string" method="None" readonly="false"
			size="2" translated="LIST:01,通过;02,不通过;" status="N" default="" xpath="" />
		<Field id="approveResultChoose" desc="审核说明" require="" edittype="textarea"
			datatype="string" method="None" readonly="false" size="256" status="N"
			default="" xpath="" rules="xssSave"/>
		<Field id="select" desc="选择" require="false" method="None"
			readonly="false" size="20" default="" xpath="/id" type="select"
			edittype="checkbox" />
		<!-- 201705接口更新 -->
		<Field id="cpxszl" desc="产品销售种类" status="F" require="false" edittype="select" datatype="string" translated="DATA_DIC.5600" readonly="false" xpath="/cpxszl" size="20" rules="xssSave"/>
		<Field id="dqh" desc="地区号" status="F" require="false" edittype="text" datatype="string" readonly="false" xpath="/dqh" size="30" rules="xssSave"/>
		<Field id="jrcpbh" desc="金融产品编号" status="F" require="false" edittype="text" datatype="string" readonly="false" xpath="/jrcpbh" size="50" rules="xssSave"/>
		<Field id="lczh" desc="理财账号" status="F" require="false" edittype="text" datatype="string" readonly="false" xpath="/lczh" size="50" rules="xssSave"/>
		<Field id="zjhkzh" desc="资金回款账户" status="F" require="false" edittype="text" datatype="string" readonly="false" xpath="/zjhkzh" size="50" rules="xssSave"/>
		<Field id="zyqr" desc="质押权人" status="F" require="false" edittype="text" datatype="string" readonly="false" xpath="/zyqr" size="50" rules="xssSave"/>
		<Field id="tgr" desc="托管人" status="F" require="false" edittype="text" datatype="string" readonly="false" xpath="/tgr" size="50" rules="xssSave"/>
		<Field id="syr" desc="受益人" status="F" require="false" edittype="text" datatype="string" readonly="false" xpath="/syr" size="50" rules="xssSave"/>
		<Field id="clr" desc="成立日" status="F" require="false" edittype="text" datatype="string" readonly="false" xpath="/clr" size="10" rules="xssSave"/>
		<Field id="shr" desc="赎回日" status="F" require="false" edittype="text" datatype="string" readonly="false" xpath="/shr" size="10" rules="xssSave"/>
		<Field id="tgzh" desc="托管账号" status="F" require="false" edittype="text" datatype="string" readonly="false" xpath="/tgzh" size="50" rules="xssSave"/>
		
		<Field id="zczje" desc="资产总数额"  type ="SE" require="false"  readonly="false" xpath="/zczje" size="16" rules="xssSave"/>
	</Fields>
	<Where>
		<TextBox id="qbdhm" desc="查询请求单号" require="false" datatype="string"
			method="None" size="150" primary="false" index="1" type="String" />
		<TextBox id="qccxh" desc="账户序号" require="false" datatype="string"
			method="None" size="150" primary="false" index="1" type="String" />	
	</Where>

	<Operations>
		<Button id="aBtNew2" name="aBtNew2" desc="新增"
			operation="addrecord" url="#" txn="" />
		<Button id="aBtDel2" name="aBtDel2" desc="删除"
			operation="delrecord" url="#" txn="" />
		<Button id="btAdd" name="btAdd" desc="新增" operation="" url="#"
			show="" group="" txn="" icon="icon-add" />
		<Button id="btDel" name="btDel" desc="删除" operation="asysubmit" 
			updateClass="com.huateng.dxzp.update.AccountdetailsBakInfoUpdate" url="#"
			show="" group="" txn="" icon="" />
		<Button id="btSave" name="btSave" desc="保存" operation="asysubmit"
			updateClass="com.huateng.dxzp.update.AccountdetailsBakInfoUpdate" url="#" txn="" />
		<Button id="btBack" name="btBack" desc="返回" operation="" url="#" />
		<Button id="btAudit" desc="审核" icon="icon-edit" />
		<Button id="btCancel" desc="取消" icon="icon-cancel" />
		<Button id="btConfirm" desc="确认" operation="asysubmit" icon="icon-ok"
			url="#"
			updateClass="com.huateng.ebank.business.creditreport.updater.loaner.FamilyMembersInfoApprovalUpdate" />
	</Operations>
</CommQry>		