<?xml version="1.0"?>
<!DOCTYPE hibernate-mapping PUBLIC
	"-//Hibernate/Hibernate Mapping DTD//EN"
	"http://hibernate.sourceforge.net/hibernate-mapping-3.0.dtd" >

<hibernate-mapping package="resource.bean.report">
	<class name="Jrxx" table="CICS_jrxx">
		<meta attribute="sync-DAO">false</meta>
		<id name="id" type="string" column="REC_ID">
			<generator class="uuid" />
		</id>
		
		<property name="batchNo" column="BATCH_NO" type="string" not-null="false"  length="30" />
		<property name="bdhm" column="BDHM" type="string" not-null="false"  length="30" />
		<property name="ccxh" column="CCXH" type="integer" not-null="false"  />
		<property name="zcxh" column="ZCXH" type="integer" not-null="false"  />
		<property name="zcmc" column="ZCMC" type="string" not-null="false"  length="100" />
		<property name="zclx" column="ZCLX" type="string" not-null="false"  length="100" />
		<property name="zcglr" column="ZCGLR" type="string" not-null="false"  length="50" />
		<property name="zckfjy" column="ZCKFJY" type="string" not-null="false"  length="10" />
		<property name="zcjyxz" column="ZCJYXZ" type="string" not-null="false"  length="50" />
		<property name="xzxcrq" column="XZXCRQ" type="string" not-null="false"  length="100" />
		<property name="jldw" column="JLDW" type="string" not-null="false"  length="20" />
		<property name="bz" column="BZ" type="string" not-null="false"  length="20" />
		<property name="zcdwjg" column="ZCDWJG" type="big_decimal" not-null="false"  length="16" />
		<property name="se" column="SE" type="big_decimal" not-null="false"  length="16" />
		<property name="kyse" column="KYSE" type="big_decimal" not-null="false"  length="16" />
		<property name="beiz" column="BEIZ" type="string" not-null="false"  length="1000" />
<!-- 201705接口变更start -->
		<property name="cpxszl" column="CPXSZL" type="string" not-null="false"  length="20" />
		<property name="dqh" column="DQH" type="string" not-null="false"  length="30" />
		<property name="jrcpbh" column="JRCPBH" type="string" not-null="false"  length="50" />
		<property name="lczh" column="LCZH" type="string" not-null="false"  length="50" />
		<property name="zjhkzh" column="ZJHKZH" type="string" not-null="false"  length="50" />
		<property name="zyqr" column="ZYQR" type="string" not-null="false"  length="50" />
		<property name="tgr" column="TGR" type="string" not-null="false"  length="50" />
		<property name="syr" column="SYR" type="string" not-null="false"  length="50" />
		<property name="clr" column="CLR" type="string" not-null="false"  length="10" />
		<property name="shr" column="SHR" type="string" not-null="false"  length="10" />
		<property name="tgzh" column="TGZH" type="string" not-null="false"  length="50" />
		<property name="zczje" column="ZCZJE" type="big_decimal" not-null="false"  length="16" />
<!-- 201705接口变更end -->
		<property name="isSubSuccess" column="IS_SUB_SUCCESS" type="string" not-null="false"  length="1" />
		<property name="errFlag" column="ERR_FLAG" type="string" not-null="false"  length="1" />
		<property name="operationType" column="OPERATION_TYPE" type="string"
			not-null="false" length="1" />
		<property name="rpttype" column="RPTTYPE" type="string"
			not-null="false" length="1" />
		<property name="incenter" column="INCENTER" type="integer"
			not-null="false" length="20" />
		<property name="recStatus" column="REC_STATUS" type="string"
			not-null="false" length="2" />
		<property name="repStatus" column="REP_STATUS" type="string"
			not-null="false" length="2" />
		<property name="approveStatus" column="APPROVE_STATUS" type="string"
			not-null="false" length="2" />
		<property name="approveResult" column="APPROVE_RESULT" type="string"
			not-null="false" length="256" />
		<property name="filler1" column="FILLER1" type="string"
			not-null="false" length="64" />
		<property name="filler2" column="FILLER2" type="string"
			not-null="false" length="64" />
		<property name="filler3" column="FILLER3" type="string"
			not-null="false" length="64" />
		<property name="crtTm" column="CRT_TM" type="java.util.Date"
			not-null="false" length="34" />
		<property name="lstUpdTm" column="LST_UPD_TM" type="java.util.Date"
			not-null="false" length="34" />
		<property name="lstUpdTlr" column="LST_UPD_TLR" type="string"
			not-null="false" length="20" />
		<property name="recordUpdTlr" column="RECORD_UPD_TLR" type="string"
			not-null="false" length="20" />
		<property name="recordUpdTm" column="RECORD_UPD_TM" type="java.util.Date"
			not-null="false" length="34" />
	</class>
</hibernate-mapping>